Candidate_ID,target,rank_num,mpnn_score_from_name,wt_mpnn_score,design_ca_len,length_match_after_exclusion,ca_rmsd_excluding_chromophore,ca_tm_score_approx_excluding_chromophore,atom_plddt_mean,pae_mean,rmsd_shell5_ca,rmsd_shell8_ca,chromo_contact_F1,chromo_clash_count_2A,shell5_mutation_count,passes_all_filters,failed_filters,design_file,pass_length_match_after_exclusion,pass_shell5_mutation_count,pass_ca_rmsd,pass_tm_score,pass_plddt,pass_pae,pass_shell5_rmsd,pass_shell8_rmsd,pass_contact_f1,pass_clash_2a
4EUL_rank01_score0.5902,4EUL,1,0.5902,0.896,229,True,0.3044216994851678,0.997048410377114,95.63178004535148,2.0377033237352453,0.277138995301468,0.2779899236915775,0.9268292682926828,4,0,True,,results/example_models/4EUL_rank01_score0.5902_model.pdb,True,True,True,True,True,True,True,True,True,True
4EUL_rank02_score0.5915,4EUL,2,0.5915,0.896,229,True,0.3036285847821303,0.9970683057749868,95.5268276249298,2.049991418927938,0.2980637157214882,0.2644528538065729,0.9,4,0,True,,results/example_models/4EUL_rank02_score0.5915_model.pdb,True,True,True,True,True,True,True,True,True,True
4EUL_rank03_score0.6000,4EUL,3,0.6,0.896,229,True,0.3235411685427249,0.9966764060851616,94.57694274597,2.119602982399268,0.3113912594543938,0.2767909664532407,0.8717948717948718,3,0,False,plddt,results/example_models/4EUL_rank03_score0.6000_model.pdb,True,True,True,True,False,True,True,True,True,True
4EUL_rank04_score0.6005,4EUL,4,0.6005,0.896,229,True,0.3331218750659886,0.9964899761812108,95.01613303269448,2.116994336492439,0.3244838741807219,0.2868003095365543,0.8780487804878048,4,0,False,ca_rmsd;tm_score,results/example_models/4EUL_rank04_score0.6005_model.pdb,True,True,False,False,True,True,True,True,True,True
4EUL_rank05_score0.6056,4EUL,5,0.6056,0.896,229,True,0.3042723397811551,0.9970503688107564,95.60350196739742,1.9866497587765295,0.3186104964570334,0.2838307270287094,0.8421052631578947,4,0,True,,results/example_models/4EUL_rank05_score0.6056_model.pdb,True,True,True,True,True,True,True,True,True,True
4EUL_rank06_score0.6123,4EUL,6,0.6123,0.896,229,True,0.307141677276359,0.9970650280113476,94.83715239154616,2.169443755839896,0.2573426532088131,0.244188086991768,0.8780487804878048,5,0,True,,results/example_models/4EUL_rank06_score0.6123_model.pdb,True,True,True,True,True,True,True,True,True,True
4EUL_rank07_score0.6176,4EUL,7,0.6176,0.896,229,True,0.3241610007640499,0.996677848767642,95.4835033632287,1.9733700730344577,0.3056037970964457,0.2658293269422169,0.8780487804878048,3,0,True,,results/example_models/4EUL_rank07_score0.6176_model.pdb,True,True,True,True,True,True,True,True,True,True
4EUL_rank08_score0.6208,4EUL,8,0.6208,0.896,229,True,0.3233033464921696,0.9966923554028448,94.95102693602692,2.1739516790297664,0.2967849618358877,0.2773135476794583,0.8717948717948718,4,0,False,pae,results/example_models/4EUL_rank08_score0.6208_model.pdb,True,True,True,True,True,False,True,True,True,True
4EUL_rank09_score0.6225,4EUL,9,0.6225,0.896,229,True,0.3164041479986604,0.9968139127040117,95.62161326587972,1.9786674548540264,0.3045644328595412,0.2716716882768091,0.8500000000000001,4,0,True,,results/example_models/4EUL_rank09_score0.6225_model.pdb,True,True,True,True,True,True,True,True,True,True
4EUL_rank10_score0.6226,4EUL,10,0.6226,0.896,229,True,0.3292218385957339,0.9965552661477716,95.47390746934224,2.067372857115616,0.32602095552757,0.304329044426656,0.9,4,0,False,ca_rmsd;shell5_rmsd;shell8_rmsd,results/example_models/4EUL_rank10_score0.6226_model.pdb,True,True,False,True,True,True,False,False,True,True
